date,temperature_2m,relative_humidity_2m,wind_speed_10m
2026-09-30 05:00:00+00:00,19.4575,96.33048,2.3469126
2026-09-30 06:00:00+00:00,19.4575,96.93373,1.484318
2026-09-30 07:00:00+00:00,18.8575,99.68817,2.7534704
2026-09-30 08:00:00+00:00,19.4075,95.13204,0.742159
2026-09-30 09:00:00+00:00,19.0575,98.45172,2.16
2026-09-30 10:00:00+00:00,18.3075,100.0,2.4014995
2026-09-30 11:00:00+00:00,18.1575,99.686485,0.71999997
2026-09-30 12:00:00+00:00,20.307499,94.28106,1.6299692
2026-09-30 13:00:00+00:00,21.6575,87.860886,1.8
2026-09-30 14:00:00+00:00,24.2075,71.62862,1.4512063
2026-09-30 15:00:00+00:00,26.2075,60.668453,0.742159
2026-09-30 16:00:00+00:00,26.5075,58.12146,2.7534704
2026-09-30 17:00:00+00:00,26.807499,62.34409,3.6
2026-09-30 18:00:00+00:00,26.7075,64.09444,3.4247334
2026-09-30 19:00:00+00:00,26.6075,65.68625,1.8
2026-09-30 20:00:00+00:00,24.4075,75.79028,2.16
2026-09-30 21:00:00+00:00,22.557499,85.26189,4.327493
2026-09-30 22:00:00+00:00,20.8575,95.77481,1.2727921
2026-09-30 23:00:00+00:00,20.5075,96.06109,1.6199999
2026-10-01 00:00:00+00:00,20.0575,96.947495,2.6758924
2026-10-01 01:00:00+00:00,19.7575,96.940636,2.9024127
2026-10-01 02:00:00+00:00,19.7075,96.63801,1.1384199
2026-10-01 03:00:00+00:00,18.8075,98.14107,4.3573384
2026-10-01 04:00:00+00:00,18.6575,98.44701,1.3708391
2026-10-01 05:00:00+00:00,18.3575,98.753075,0.6489992
2026-10-01 06:00:00+00:00,18.1075,100.0,3.096837
2026-10-01 07:00:00+00:00,17.8075,99.68565,0.17999999
2026-10-01 08:00:00+00:00,17.5075,99.684944,0.40249225
2026-10-01 09:00:00+00:00,17.2575,99.68433,1.6299692
2026-10-01 10:00:00+00:00,17.0575,99.68382,0.35999998
2026-10-01 11:00:00+00:00,17.2075,98.42979,0.6489992
2026-10-01 12:00:00+00:00,18.4075,98.13543,3.462369
2026-10-01 13:00:00+00:00,21.2575,84.0682,3.143565
2026-10-01 14:00:00+00:00,24.0075,69.819496,5.6521144
2026-10-01 15:00:00+00:00,25.7575,62.11048,5.2323985
2026-10-01 16:00:00+00:00,26.3575,60.70276,4.5
2026-10-01 17:00:00+00:00,27.9075,56.654583,5.728979
2026-10-01 18:00:00+00:00,27.057499,62.01199,3.0547013
2026-10-01 19:00:00+00:00,27.057499,61.05259,1.8
2026-10-01 20:00:00+00:00,24.9575,71.09751,5.6060677
2026-10-01 21:00:00+00:00,23.307499,76.8047,5.6233797
2026-10-01 22:00:00+00:00,22.7575,84.49462,0.40249225
2026-10-01 23:00:00+00:00,20.7075,96.66304,1.1525624
2026-10-02 00:00:00+00:00,20.4575,96.059616,0.71999997
2026-10-02 01:00:00+00:00,20.0575,97.85454,1.4512063
2026-10-02 02:00:00+00:00,19.7575,98.766235,0.25455844
2026-10-02 03:00:00+00:00,19.1075,99.68876,1.7727944
2026-10-02 04:00:00+00:00,19.0075,99.06813,3.319036
2026-10-02 05:00:00+00:00,18.7575,98.44818,0.17999999
2026-10-02 06:00:00+00:00,18.3075,99.06316,0.8049845
2026-10-02 07:00:00+00:00,18.1075,98.750694,0.56920993
2026-10-02 08:00:00+00:00,17.7575,99.37195,1.2074767
2026-10-02 09:00:00+00:00,17.2575,99.68433,2.0523157
2026-10-02 10:00:00+00:00,17.6575,98.435165,0.40249225
2026-10-02 11:00:00+00:00,17.2075,99.68421,0.9693296
2026-10-02 12:00:00+00:00,18.3575,96.60375,2.7943513
2026-10-02 13:00:00+00:00,20.2575,90.24922,3.5864744
2026-10-02 14:00:00+00:00,21.9575,84.145615,5.991594
2026-10-02 15:00:00+00:00,22.2075,82.61549,5.0142193
2026-10-02 16:00:00+00:00,22.8575,80.66362,5.950899
2026-10-02 17:00:00+00:00,23.9575,75.718834,4.724786
2026-10-02 18:00:00+00:00,24.807499,67.817375,2.0124612
2026-10-02 19:00:00+00:00,23.7575,72.67666,3.3043609
2026-10-02 20:00:00+00:00,24.2575,72.99143,4.060985
2026-10-02 21:00:00+00:00,22.4075,85.24644,4.7657523
2026-10-02 22:00:00+00:00,21.1575,94.31677,0.17999999
2026-10-02 23:00:00+00:00,20.1575,99.07622,0.76367533
2026-10-03 00:00:00+00:00,19.7575,99.38145,1.2979984
2026-10-03 01:00:00+00:00,19.4575,99.689606,0.35999998
2026-10-03 02:00:00+00:00,19.0575,100.0,0.71999997
2026-10-03 03:00:00+00:00,18.6575,99.68768,1.0948973
2026-10-03 04:00:00+00:00,18.1575,99.686485,0.5091169
2026-10-03 05:00:00+00:00,17.8575,99.68578,0.40249225
2026-10-03 06:00:00+00:00,17.7075,99.68542,0.0
2026-10-03 07:00:00+00:00,17.6575,99.37146,1.2074767
2026-10-03 08:00:00+00:00,17.2575,100.0,1.6981165
2026-10-03 09:00:00+00:00,17.6575,98.7464,2.0523157
2026-10-03 10:00:00+00:00,17.4075,99.056694,0.54
2026-10-03 11:00:00+00:00,17.3575,99.056335,1.484318
2026-10-03 12:00:00+00:00,18.2075,98.75163,1.2727921
2026-10-03 13:00:00+00:00,19.1575,94.232155,2.4216523
2026-10-03 14:00:00+00:00,21.7075,81.018555,1.2979984
2026-10-03 15:00:00+00:00,23.6075,73.56587,4.080882
2026-10-03 16:00:00+00:00,25.6075,64.05822,5.7204895
2026-10-03 17:00:00+00:00,25.4575,60.687916,1.484318
2026-10-03 18:00:00+00:00,25.307499,61.038322,1.0948973
2026-10-03 19:00:00+00:00,26.4575,55.593025,0.17999999
2026-10-03 20:00:00+00:00,23.807499,68.47591,3.9312592
2026-10-03 21:00:00+00:00,20.8575,88.89503,1.7076298
2026-10-03 22:00:00+00:00,21.0075,88.35429,2.2553935
2026-10-03 23:00:00+00:00,19.8575,95.1483,1.9469976
2026-10-04 00:00:00+00:00,19.3075,96.62789,2.1897945
2026-10-04 01:00:00+00:00,18.9075,98.14248,0.54
2026-10-04 02:00:00+00:00,18.5575,96.305626,0.40249225
2026-10-04 03:00:00+00:00,18.2075,99.06244,1.0495713
2026-10-04 04:00:00+00:00,17.8575,99.37241,2.4482648
2026-10-04 05:00:00+00:00,17.9575,99.686035,2.1897945
2026-10-04 06:00:00+00:00,17.8575,99.68578,3.396233
2026-10-04 07:00:00+00:00,17.7575,99.37195,1.609969
2026-10-04 08:00:00+00:00,17.5575,99.05778,0.17999999
2026-10-04 09:00:00+00:00,17.6575,98.435165,2.0124612
2026-10-04 10:00:00+00:00,17.6075,97.81444,0.56920993
2026-10-04 11:00:00+00:00,17.3575,98.74353,0.9178235
2026-10-04 12:00:00+00:00,18.6575,96.3084,1.6299692
2026-10-04 13:00:00+00:00,20.9575,81.176506,2.1897945
2026-10-04 14:00:00+00:00,24.0075,64.729774,2.97953
2026-10-04 15:00:00+00:00,26.1575,55.872826,2.7475805
2026-10-04 16:00:00+00:00,26.7575,55.14083,0.17999999
2026-10-04 17:00:00+00:00,26.4575,58.477108,3.62243
2026-10-04 18:00:00+00:00,25.6575,63.868435,5.7176566
2026-10-04 19:00:00+00:00,24.2575,71.86174,4.913044
2026-10-04 20:00:00+00:00,22.3575,83.14934,2.5959969
2026-10-04 21:00:00+00:00,20.9075,92.856064,0.76367533
2026-10-04 22:00:00+00:00,20.2575,97.25317,0.25455844
2026-10-04 23:00:00+00:00,20.0575,97.85454,0.17999999
2026-10-05 00:00:00+00:00,19.7575,98.45989,0.0
2026-10-05 01:00:00+00:00,19.2075,99.37884,0.9
2026-10-05 02:00:00+00:00,18.6575,99.68768,2.1674871
2026-10-05 03:00:00+00:00,18.2575,99.686745,2.9024127
2026-10-05 04:00:00+00:00,18.2075,99.37409,2.7238941
2026-10-05 05:00:00+00:00,18.2575,99.37435,2.1674871
2026-10-05 06:00:00+00:00,18.2075,99.06244,1.4512063
2026-10-05 07:00:00+00:00,17.7575,99.05922,0.9693296
2026-10-05 08:00:00+00:00,17.1075,99.68397,0.5091169
2026-10-05 09:00:00+00:00,16.8075,99.68323,0.35999998
2026-10-05 10:00:00+00:00,16.8075,100.0,0.0
2026-10-05 11:00:00+00:00,17.1075,100.0,0.56920993
2026-10-05 12:00:00+00:00,18.1075,98.131195,1.2979984
2026-10-05 13:00:00+00:00,20.4575,82.92628,2.2910259
2026-10-05 14:00:00+00:00,23.5075,66.07563,3.494968
2026-10-05 15:00:00+00:00,26.0075,54.779644,4.4456716
2026-10-05 16:00:00+00:00,27.6075,48.29205,4.913044
2026-10-05 17:00:00+00:00,28.6075,44.12165,4.991553
2026-10-05 18:00:00+00:00,28.807499,43.61275,5.1575575
2026-10-05 19:00:00+00:00,27.807499,48.654877,5.8603754
2026-10-05 20:00:00+00:00,26.057499,58.197968,7.1389914
2026-10-05 21:00:00+00:00,24.4075,67.95071,7.24486
2026-10-05 22:00:00+00:00,23.2575,73.96836,4.991553
2026-10-05 23:00:00+00:00,22.2575,78.10067,1.4512063
2026-10-06 00:00:00+00:00,21.307499,81.99091,1.26
2026-10-06 01:00:00+00:00,20.307499,86.64828,2.3469126
2026-10-06 02:00:00+00:00,19.3075,91.037994,2.8460498
2026-10-06 03:00:00+00:00,18.5075,94.80012,3.06
2026-10-06 04:00:00+00:00,18.0075,96.90008,2.8174455
2026-10-06 05:00:00+00:00,17.7075,98.12551,2.1068459
2026-10-06 06:00:00+00:00,17.4575,98.74448,1.484318
2026-10-06 07:00:00+00:00,17.1075,99.36879,0.9
2026-10-06 08:00:00+00:00,16.8075,99.36735,0.56920993
2026-10-06 09:00:00+00:00,16.7075,99.36687,0.17999999
2026-10-06 10:00:00+00:00,16.6075,100.0,0.5091169
2026-10-06 11:00:00+00:00,16.7075,100.0,1.2979984
2026-10-06 12:00:00+00:00,17.6075,98.74592,2.0991426
2026-10-06 13:00:00+00:00,20.2575,83.164986,3.6447225
2026-10-06 14:00:00+00:00,23.6575,66.73781,5.3426957
2026-10-06 15:00:00+00:00,25.7075,59.417065,4.942631
2026-10-06 16:00:00+00:00,24.9575,65.34162,0.9
2026-10-06 17:00:00+00:00,22.7575,79.90037,5.2323985
2026-10-06 18:00:00+00:00,21.1075,92.86654,9.582358
2026-10-06 19:00:00+00:00,22.6075,85.79632,4.9785542
2026-10-06 20:00:00+00:00,22.2075,87.908195,4.6277857
2026-10-06 21:00:00+00:00,21.6575,90.34726,4.060985
2026-10-06 22:00:00+00:00,21.0075,93.14958,3.362677
2026-10-06 23:00:00+00:00,20.3575,95.75907,2.7943513
2026-10-07 00:00:00+00:00,19.8075,97.8505,2.2768397
2026-10-07 01:00:00+00:00,19.3575,99.07061,1.9386592
2026-10-07 02:00:00+00:00,18.9075,99.37743,1.5379207
2026-10-07 03:00:00+00:00,18.4575,100.0,1.2074767
2026-10-07 04:00:00+00:00,18.0575,100.0,0.9693296
